Year,Territory,Value,Indicator
1992,Canada,2.313,Death Certificate Only
1993,Canada,1.988,Death Certificate Only
1994,Canada,1.603,Death Certificate Only
1995,Canada,1.671,Death Certificate Only
1996,Canada,1.770,Death Certificate Only
1997,Canada,1.684,Death Certificate Only
1998,Canada,1.647,Death Certificate Only
1999,Canada,1.755,Death Certificate Only
2000,Canada,1.969,Death Certificate Only
2001,Canada,1.936,Death Certificate Only
2002,Canada,1.704,Death Certificate Only
2003,Canada,1.628,Death Certificate Only
2004,Canada,1.574,Death Certificate Only
2005,Canada,1.514,Death Certificate Only
2006,Canada,1.606,Death Certificate Only
2007,Canada,1.625,Death Certificate Only
2008,Canada,1.608,Death Certificate Only
2009,Canada,1.458,Death Certificate Only
2010,Canada,2.028,Death Certificate Only
2011,Canada,1.331,Death Certificate Only
2012,Canada,2.306,Death Certificate Only
2013,Canada,1.967,Death Certificate Only
2014,Canada,2.277,Death Certificate Only
2015,Canada,2.250,Death Certificate Only
2016,Canada,2.255,Death Certificate Only
2017,Canada,2.261,Death Certificate Only
2018,Canada,0.909,Death Certificate Only
2019,Canada,0.874,Death Certificate Only
2020,Canada,0.228,Death Certificate Only
1992,NL,0.000,Death Certificate Only
1993,NL,0.000,Death Certificate Only
1994,NL,0.000,Death Certificate Only
1995,NL,0.000,Death Certificate Only
1996,NL,0.000,Death Certificate Only
1997,NL,0.000,Death Certificate Only
1998,NL,0.000,Death Certificate Only
1999,NL,0.000,Death Certificate Only
2000,NL,0.000,Death Certificate Only
2001,NL,0.000,Death Certificate Only
2002,NL,0.000,Death Certificate Only
2003,NL,0.000,Death Certificate Only
2004,NL,0.000,Death Certificate Only
2005,NL,0.000,Death Certificate Only
2006,NL,2.609,Death Certificate Only
2007,NL,3.464,Death Certificate Only
2008,NL,1.969,Death Certificate Only
2009,NL,1.517,Death Certificate Only
2010,NL,1.460,Death Certificate Only
2011,NL,1.315,Death Certificate Only
2012,NL,1.185,Death Certificate Only
2013,NL,1.160,Death Certificate Only
2014,NL,1.132,Death Certificate Only
2015,NL,0.691,Death Certificate Only
2016,NL,0.308,Death Certificate Only
2017,NL,0.552,Death Certificate Only
2018,NL,0.371,Death Certificate Only
2019,NL,0.631,Death Certificate Only
2020,NL,0.740,Death Certificate Only
1992,PE,0.865,Death Certificate Only
1993,PE,0.560,Death Certificate Only
1994,PE,0.000,Death Certificate Only
1995,PE,0.562,Death Certificate Only
1996,PE,1.149,Death Certificate Only
1997,PE,0.000,Death Certificate Only
1998,PE,0.000,Death Certificate Only
1999,PE,0.123,Death Certificate Only
2000,PE,0.000,Death Certificate Only
2001,PE,0.000,Death Certificate Only
2002,PE,0.355,Death Certificate Only
2003,PE,0.000,Death Certificate Only
2004,PE,0.000,Death Certificate Only
2005,PE,0.000,Death Certificate Only
2006,PE,0.110,Death Certificate Only
2007,PE,0.000,Death Certificate Only
2008,PE,0.334,Death Certificate Only
2009,PE,0.210,Death Certificate Only
2010,PE,0.311,Death Certificate Only
2011,PE,0.389,Death Certificate Only
2012,PE,0.195,Death Certificate Only
2013,PE,0.097,Death Certificate Only
2014,PE,0.478,Death Certificate Only
2015,PE,0.271,Death Certificate Only
2016,PE,0.092,Death Certificate Only
2017,PE,0.267,Death Certificate Only
2018,PE,0.374,Death Certificate Only
2019,PE,0.258,Death Certificate Only
2020,PE,0.177,Death Certificate Only
1992,NS,6.235,Death Certificate Only
1993,NS,5.966,Death Certificate Only
1994,NS,3.078,Death Certificate Only
1995,NS,2.565,Death Certificate Only
1996,NS,1.525,Death Certificate Only
1997,NS,1.560,Death Certificate Only
1998,NS,1.755,Death Certificate Only
1999,NS,1.849,Death Certificate Only
2000,NS,1.635,Death Certificate Only
2001,NS,1.537,Death Certificate Only
2002,NS,0.703,Death Certificate Only
2003,NS,0.893,Death Certificate Only
2004,NS,0.583,Death Certificate Only
2005,NS,0.693,Death Certificate Only
2006,NS,0.531,Death Certificate Only
2007,NS,0.812,Death Certificate Only
2008,NS,0.767,Death Certificate Only
2009,NS,0.557,Death Certificate Only
2010,NS,0.688,Death Certificate Only
2011,NS,0.514,Death Certificate Only
2012,NS,1.339,Death Certificate Only
2013,NS,0.956,Death Certificate Only
2014,NS,0.871,Death Certificate Only
2015,NS,0.890,Death Certificate Only
2016,NS,0.993,Death Certificate Only
2017,NS,1.056,Death Certificate Only
2018,NS,1.069,Death Certificate Only
2019,NS,0.000,Death Certificate Only
2020,NS,No data,Death Certificate Only
1992,NB,0.475,Death Certificate Only
1993,NB,0.393,Death Certificate Only
1994,NB,0.273,Death Certificate Only
1995,NB,0.087,Death Certificate Only
1996,NB,0.225,Death Certificate Only
1997,NB,0.159,Death Certificate Only
1998,NB,0.125,Death Certificate Only
1999,NB,0.272,Death Certificate Only
2000,NB,0.000,Death Certificate Only
2001,NB,0.072,Death Certificate Only
2002,NB,0.000,Death Certificate Only
2003,NB,0.024,Death Certificate Only
2004,NB,0.069,Death Certificate Only
2005,NB,0.021,Death Certificate Only
2006,NB,0.000,Death Certificate Only
2007,NB,0.123,Death Certificate Only
2008,NB,0.099,Death Certificate Only
2009,NB,0.039,Death Certificate Only
2010,NB,0.255,Death Certificate Only
2011,NB,0.172,Death Certificate Only
2012,NB,0.345,Death Certificate Only
2013,NB,0.147,Death Certificate Only
2014,NB,0.131,Death Certificate Only
2015,NB,0.164,Death Certificate Only
2016,NB,0.210,Death Certificate Only
2017,NB,0.274,Death Certificate Only
2018,NB,0.269,Death Certificate Only
2019,NB,0.222,Death Certificate Only
2020,NB,0.512,Death Certificate Only
1992,QC,2.288,Death Certificate Only
1993,QC,1.968,Death Certificate Only
1994,QC,1.769,Death Certificate Only
1995,QC,1.838,Death Certificate Only
1996,QC,2.188,Death Certificate Only
1997,QC,2.484,Death Certificate Only
1998,QC,2.350,Death Certificate Only
1999,QC,2.302,Death Certificate Only
2000,QC,2.863,Death Certificate Only
2001,QC,2.667,Death Certificate Only
2002,QC,2.757,Death Certificate Only
2003,QC,2.469,Death Certificate Only
2004,QC,2.540,Death Certificate Only
2005,QC,2.581,Death Certificate Only
2006,QC,2.531,Death Certificate Only
2007,QC,2.498,Death Certificate Only
2008,QC,2.660,Death Certificate Only
2009,QC,2.554,Death Certificate Only
2010,QC,4.918,Death Certificate Only
2011,QC,2.453,Death Certificate Only
2012,QC,5.449,Death Certificate Only
2013,QC,4.748,Death Certificate Only
2014,QC,5.976,Death Certificate Only
2015,QC,5.795,Death Certificate Only
2016,QC,5.652,Death Certificate Only
2017,QC,5.532,Death Certificate Only
2018,QC,No data,Death Certificate Only
2019,QC,No data,Death Certificate Only
2020,QC,No data,Death Certificate Only
1992,ON,1.616,Death Certificate Only
1993,ON,1.423,Death Certificate Only
1994,ON,1.421,Death Certificate Only
1995,ON,1.580,Death Certificate Only
1996,ON,1.886,Death Certificate Only
1997,ON,1.794,Death Certificate Only
1998,ON,1.727,Death Certificate Only
1999,ON,1.874,Death Certificate Only
2000,ON,1.917,Death Certificate Only
2001,ON,1.852,Death Certificate Only
2002,ON,1.896,Death Certificate Only
2003,ON,2.030,Death Certificate Only
2004,ON,1.705,Death Certificate Only
2005,ON,1.383,Death Certificate Only
2006,ON,1.535,Death Certificate Only
2007,ON,1.622,Death Certificate Only
2008,ON,1.586,Death Certificate Only
2009,ON,1.427,Death Certificate Only
2010,ON,1.248,Death Certificate Only
2011,ON,1.239,Death Certificate Only
2012,ON,1.379,Death Certificate Only
2013,ON,1.555,Death Certificate Only
2014,ON,1.426,Death Certificate Only
2015,ON,1.488,Death Certificate Only
2016,ON,1.532,Death Certificate Only
2017,ON,1.449,Death Certificate Only
2018,ON,1.211,Death Certificate Only
2019,ON,1.254,Death Certificate Only
2020,ON,0.000,Death Certificate Only
1992,MB,2.835,Death Certificate Only
1993,MB,1.937,Death Certificate Only
1994,MB,1.347,Death Certificate Only
1995,MB,1.974,Death Certificate Only
1996,MB,2.198,Death Certificate Only
1997,MB,2.183,Death Certificate Only
1998,MB,1.377,Death Certificate Only
1999,MB,1.372,Death Certificate Only
2000,MB,2.558,Death Certificate Only
2001,MB,2.572,Death Certificate Only
2002,MB,2.649,Death Certificate Only
2003,MB,0.926,Death Certificate Only
2004,MB,1.744,Death Certificate Only
2005,MB,1.666,Death Certificate Only
2006,MB,1.339,Death Certificate Only
2007,MB,0.686,Death Certificate Only
2008,MB,0.731,Death Certificate Only
2009,MB,0.762,Death Certificate Only
2010,MB,0.628,Death Certificate Only
2011,MB,0.699,Death Certificate Only
2012,MB,0.573,Death Certificate Only
2013,MB,0.013,Death Certificate Only
2014,MB,0.000,Death Certificate Only
2015,MB,0.000,Death Certificate Only
2016,MB,0.000,Death Certificate Only
2017,MB,0.000,Death Certificate Only
2018,MB,0.000,Death Certificate Only
2019,MB,0.405,Death Certificate Only
2020,MB,0.000,Death Certificate Only
1992,SK,1.990,Death Certificate Only
1993,SK,1.877,Death Certificate Only
1994,SK,1.699,Death Certificate Only
1995,SK,2.530,Death Certificate Only
1996,SK,3.155,Death Certificate Only
1997,SK,2.928,Death Certificate Only
1998,SK,3.101,Death Certificate Only
1999,SK,3.520,Death Certificate Only
2000,SK,3.611,Death Certificate Only
2001,SK,3.703,Death Certificate Only
2002,SK,1.285,Death Certificate Only
2003,SK,1.125,Death Certificate Only
2004,SK,0.429,Death Certificate Only
2005,SK,1.563,Death Certificate Only
2006,SK,2.248,Death Certificate Only
2007,SK,1.370,Death Certificate Only
2008,SK,1.018,Death Certificate Only
2009,SK,0.981,Death Certificate Only
2010,SK,0.668,Death Certificate Only
2011,SK,0.879,Death Certificate Only
2012,SK,0.837,Death Certificate Only
2013,SK,0.684,Death Certificate Only
2014,SK,0.680,Death Certificate Only
2015,SK,0.628,Death Certificate Only
2016,SK,0.611,Death Certificate Only
2017,SK,0.521,Death Certificate Only
2018,SK,0.557,Death Certificate Only
2019,SK,0.335,Death Certificate Only
2020,SK,0.387,Death Certificate Only
1992,AB,0.074,Death Certificate Only
1993,AB,0.045,Death Certificate Only
1994,AB,0.087,Death Certificate Only
1995,AB,0.086,Death Certificate Only
1996,AB,0.152,Death Certificate Only
1997,AB,0.168,Death Certificate Only
1998,AB,0.253,Death Certificate Only
1999,AB,0.073,Death Certificate Only
2000,AB,0.280,Death Certificate Only
2001,AB,0.220,Death Certificate Only
2002,AB,0.300,Death Certificate Only
2003,AB,0.229,Death Certificate Only
2004,AB,0.254,Death Certificate Only
2005,AB,0.246,Death Certificate Only
2006,AB,0.291,Death Certificate Only
2007,AB,0.287,Death Certificate Only
2008,AB,0.126,Death Certificate Only
2009,AB,0.138,Death Certificate Only
2010,AB,0.135,Death Certificate Only
2011,AB,0.086,Death Certificate Only
2012,AB,0.090,Death Certificate Only
2013,AB,0.139,Death Certificate Only
2014,AB,0.096,Death Certificate Only
2015,AB,0.130,Death Certificate Only
2016,AB,0.104,Death Certificate Only
2017,AB,0.138,Death Certificate Only
2018,AB,0.180,Death Certificate Only
2019,AB,0.105,Death Certificate Only
2020,AB,0.129,Death Certificate Only
1992,BC,5.002,Death Certificate Only
1993,BC,4.130,Death Certificate Only
1994,BC,2.889,Death Certificate Only
1995,BC,2.585,Death Certificate Only
1996,BC,1.837,Death Certificate Only
1997,BC,1.023,Death Certificate Only
1998,BC,1.274,Death Certificate Only
1999,BC,1.760,Death Certificate Only
2000,BC,1.642,Death Certificate Only
2001,BC,2.019,Death Certificate Only
2002,BC,0.825,Death Certificate Only
2003,BC,1.127,Death Certificate Only
2004,BC,1.356,Death Certificate Only
2005,BC,1.333,Death Certificate Only
2006,BC,1.429,Death Certificate Only
2007,BC,1.538,Death Certificate Only
2008,BC,1.541,Death Certificate Only
2009,BC,1.164,Death Certificate Only
2010,BC,1.214,Death Certificate Only
2011,BC,0.662,Death Certificate Only
2012,BC,0.875,Death Certificate Only
2013,BC,0.482,Death Certificate Only
2014,BC,0.434,Death Certificate Only
2015,BC,0.492,Death Certificate Only
2016,BC,0.646,Death Certificate Only
2017,BC,1.206,Death Certificate Only
2018,BC,1.009,Death Certificate Only
2019,BC,0.878,Death Certificate Only
2020,BC,0.840,Death Certificate Only
1992,YT,0.000,Death Certificate Only
1993,YT,0.000,Death Certificate Only
1994,YT,0.000,Death Certificate Only
1995,YT,0.000,Death Certificate Only
1996,YT,0.000,Death Certificate Only
1997,YT,0.000,Death Certificate Only
1998,YT,0.000,Death Certificate Only
1999,YT,0.000,Death Certificate Only
2000,YT,0.000,Death Certificate Only
2001,YT,6.796,Death Certificate Only
2002,YT,10.526,Death Certificate Only
2003,YT,0.000,Death Certificate Only
2004,YT,0.769,Death Certificate Only
2005,YT,4.065,Death Certificate Only
2006,YT,0.000,Death Certificate Only
2007,YT,0.800,Death Certificate Only
2008,YT,0.000,Death Certificate Only
2009,YT,0.000,Death Certificate Only
2010,YT,0.000,Death Certificate Only
2011,YT,0.000,Death Certificate Only
2012,YT,0.000,Death Certificate Only
2013,YT,0.000,Death Certificate Only
2014,YT,0.000,Death Certificate Only
2015,YT,0.000,Death Certificate Only
2016,YT,0.000,Death Certificate Only
2017,YT,0.000,Death Certificate Only
2018,YT,0.000,Death Certificate Only
2019,YT,0.000,Death Certificate Only
2020,YT,0.000,Death Certificate Only
1992,NT,1.563,Death Certificate Only
1993,NT,0.000,Death Certificate Only
1994,NT,0.000,Death Certificate Only
1995,NT,0.000,Death Certificate Only
1996,NT,0.000,Death Certificate Only
1997,NT,0.000,Death Certificate Only
1998,NT,0.000,Death Certificate Only
1999,NT,0.000,Death Certificate Only
2000,NT,1.681,Death Certificate Only
2001,NT,2.727,Death Certificate Only
2002,NT,0.746,Death Certificate Only
2003,NT,0.787,Death Certificate Only
2004,NT,0.000,Death Certificate Only
2005,NT,1.600,Death Certificate Only
2006,NT,0.901,Death Certificate Only
2007,NT,0.000,Death Certificate Only
2008,NT,0.000,Death Certificate Only
2009,NT,0.000,Death Certificate Only
2010,NT,0.000,Death Certificate Only
2011,NT,0.000,Death Certificate Only
2012,NT,0.629,Death Certificate Only
2013,NT,0.694,Death Certificate Only
2014,NT,0.000,Death Certificate Only
2015,NT,0.000,Death Certificate Only
2016,NT,0.513,Death Certificate Only
2017,NT,0.000,Death Certificate Only
2018,NT,0.518,Death Certificate Only
2019,NT,0.935,Death Certificate Only
2020,NT,0.000,Death Certificate Only
1992,NU,4.167,Death Certificate Only
1993,NU,0.000,Death Certificate Only
1994,NU,0.000,Death Certificate Only
1995,NU,0.000,Death Certificate Only
1996,NU,0.000,Death Certificate Only
1997,NU,0.000,Death Certificate Only
1998,NU,0.000,Death Certificate Only
1999,NU,1.724,Death Certificate Only
2000,NU,14.035,Death Certificate Only
2001,NU,3.226,Death Certificate Only
2002,NU,1.449,Death Certificate Only
2003,NU,0.000,Death Certificate Only
2004,NU,0.000,Death Certificate Only
2005,NU,0.000,Death Certificate Only
2006,NU,0.000,Death Certificate Only
2007,NU,0.000,Death Certificate Only
2008,NU,0.000,Death Certificate Only
2009,NU,0.000,Death Certificate Only
2010,NU,0.000,Death Certificate Only
2011,NU,0.000,Death Certificate Only
2012,NU,0.000,Death Certificate Only
2013,NU,0.000,Death Certificate Only
2014,NU,0.000,Death Certificate Only
2015,NU,0.000,Death Certificate Only
2016,NU,0.000,Death Certificate Only
2017,NU,0.000,Death Certificate Only
2018,NU,0.000,Death Certificate Only
2019,NU,0.000,Death Certificate Only
2020,NU,0.000,Death Certificate Only
1992,Canada,82.437,Microscopic Confirmation
1993,Canada,82.758,Microscopic Confirmation
1994,Canada,83.163,Microscopic Confirmation
1995,Canada,82.472,Microscopic Confirmation
1996,Canada,82.529,Microscopic Confirmation
1997,Canada,82.706,Microscopic Confirmation
1998,Canada,82.447,Microscopic Confirmation
1999,Canada,83.068,Microscopic Confirmation
2000,Canada,83.016,Microscopic Confirmation
2001,Canada,82.493,Microscopic Confirmation
2002,Canada,83.151,Microscopic Confirmation
2003,Canada,82.467,Microscopic Confirmation
2004,Canada,83.887,Microscopic Confirmation
2005,Canada,84.048,Microscopic Confirmation
2006,Canada,83.739,Microscopic Confirmation
2007,Canada,86.734,Microscopic Confirmation
2008,Canada,86.911,Microscopic Confirmation
2009,Canada,87.232,Microscopic Confirmation
2010,Canada,84.822,Microscopic Confirmation
2011,Canada,87.951,Microscopic Confirmation
2012,Canada,86.894,Microscopic Confirmation
2013,Canada,89.390,Microscopic Confirmation
2014,Canada,89.580,Microscopic Confirmation
2015,Canada,89.675,Microscopic Confirmation
2016,Canada,89.675,Microscopic Confirmation
2017,Canada,89.448,Microscopic Confirmation
2018,Canada,90.148,Microscopic Confirmation
2019,Canada,90.055,Microscopic Confirmation
2020,Canada,90.962,Microscopic Confirmation
1992,NL,98.227,Microscopic Confirmation
1993,NL,98.450,Microscopic Confirmation
1994,NL,98.026,Microscopic Confirmation
1995,NL,97.568,Microscopic Confirmation
1996,NL,96.188,Microscopic Confirmation
1997,NL,97.773,Microscopic Confirmation
1998,NL,97.688,Microscopic Confirmation
1999,NL,97.573,Microscopic Confirmation
2000,NL,98.203,Microscopic Confirmation
2001,NL,98.082,Microscopic Confirmation
2002,NL,97.615,Microscopic Confirmation
2003,NL,97.639,Microscopic Confirmation
2004,NL,96.491,Microscopic Confirmation
2005,NL,96.321,Microscopic Confirmation
2006,NL,91.975,Microscopic Confirmation
2007,NL,90.912,Microscopic Confirmation
2008,NL,91.278,Microscopic Confirmation
2009,NL,91.939,Microscopic Confirmation
2010,NL,91.208,Microscopic Confirmation
2011,NL,91.454,Microscopic Confirmation
2012,NL,91.676,Microscopic Confirmation
2013,NL,92.866,Microscopic Confirmation
2014,NL,92.862,Microscopic Confirmation
2015,NL,92.593,Microscopic Confirmation
2016,NL,93.670,Microscopic Confirmation
2017,NL,92.300,Microscopic Confirmation
2018,NL,91.781,Microscopic Confirmation
2019,NL,90.905,Microscopic Confirmation
2020,NL,89.852,Microscopic Confirmation
1992,PE,92.075,Microscopic Confirmation
1993,PE,92.577,Microscopic Confirmation
1994,PE,93.478,Microscopic Confirmation
1995,PE,93.539,Microscopic Confirmation
1996,PE,91.236,Microscopic Confirmation
1997,PE,91.329,Microscopic Confirmation
1998,PE,93.852,Microscopic Confirmation
1999,PE,92.752,Microscopic Confirmation
2000,PE,92.617,Microscopic Confirmation
2001,PE,93.116,Microscopic Confirmation
2002,PE,92.317,Microscopic Confirmation
2003,PE,93.069,Microscopic Confirmation
2004,PE,91.506,Microscopic Confirmation
2005,PE,94.137,Microscopic Confirmation
2006,PE,94.615,Microscopic Confirmation
2007,PE,92.694,Microscopic Confirmation
2008,PE,89.967,Microscopic Confirmation
2009,PE,90.852,Microscopic Confirmation
2010,PE,92.642,Microscopic Confirmation
2011,PE,90.953,Microscopic Confirmation
2012,PE,90.944,Microscopic Confirmation
2013,PE,89.565,Microscopic Confirmation
2014,PE,89.388,Microscopic Confirmation
2015,PE,89.792,Microscopic Confirmation
2016,PE,89.279,Microscopic Confirmation
2017,PE,88.324,Microscopic Confirmation
2018,PE,88.120,Microscopic Confirmation
2019,PE,88.240,Microscopic Confirmation
2020,PE,87.489,Microscopic Confirmation
1992,NS,89.157,Microscopic Confirmation
1993,NS,88.341,Microscopic Confirmation
1994,NS,89.667,Microscopic Confirmation
1995,NS,90.608,Microscopic Confirmation
1996,NS,91.255,Microscopic Confirmation
1997,NS,90.263,Microscopic Confirmation
1998,NS,90.274,Microscopic Confirmation
1999,NS,89.857,Microscopic Confirmation
2000,NS,90.073,Microscopic Confirmation
2001,NS,89.392,Microscopic Confirmation
2002,NS,89.799,Microscopic Confirmation
2003,NS,88.826,Microscopic Confirmation
2004,NS,90.342,Microscopic Confirmation
2005,NS,90.135,Microscopic Confirmation
2006,NS,89.584,Microscopic Confirmation
2007,NS,88.488,Microscopic Confirmation
2008,NS,88.576,Microscopic Confirmation
2009,NS,89.582,Microscopic Confirmation
2010,NS,89.092,Microscopic Confirmation
2011,NS,88.855,Microscopic Confirmation
2012,NS,87.383,Microscopic Confirmation
2013,NS,88.208,Microscopic Confirmation
2014,NS,87.848,Microscopic Confirmation
2015,NS,87.408,Microscopic Confirmation
2016,NS,88.189,Microscopic Confirmation
2017,NS,88.819,Microscopic Confirmation
2018,NS,89.632,Microscopic Confirmation
2019,NS,95.928,Microscopic Confirmation
2020,NS,No data,Microscopic Confirmation
1992,NB,91.176,Microscopic Confirmation
1993,NB,92.355,Microscopic Confirmation
1994,NB,91.774,Microscopic Confirmation
1995,NB,91.543,Microscopic Confirmation
1996,NB,92.472,Microscopic Confirmation
1997,NB,92.005,Microscopic Confirmation
1998,NB,91.683,Microscopic Confirmation
1999,NB,92.260,Microscopic Confirmation
2000,NB,92.534,Microscopic Confirmation
2001,NB,92.854,Microscopic Confirmation
2002,NB,91.734,Microscopic Confirmation
2003,NB,91.611,Microscopic Confirmation
2004,NB,91.991,Microscopic Confirmation
2005,NB,92.492,Microscopic Confirmation
2006,NB,93.949,Microscopic Confirmation
2007,NB,91.973,Microscopic Confirmation
2008,NB,92.785,Microscopic Confirmation
2009,NB,92.760,Microscopic Confirmation
2010,NB,92.949,Microscopic Confirmation
2011,NB,92.221,Microscopic Confirmation
2012,NB,92.724,Microscopic Confirmation
2013,NB,92.383,Microscopic Confirmation
2014,NB,92.464,Microscopic Confirmation
2015,NB,92.318,Microscopic Confirmation
2016,NB,92.186,Microscopic Confirmation
2017,NB,92.487,Microscopic Confirmation
2018,NB,92.274,Microscopic Confirmation
2019,NB,91.600,Microscopic Confirmation
2020,NB,92.688,Microscopic Confirmation
1992,QC,68.057,Microscopic Confirmation
1993,QC,70.258,Microscopic Confirmation
1994,QC,72.020,Microscopic Confirmation
1995,QC,69.448,Microscopic Confirmation
1996,QC,68.287,Microscopic Confirmation
1997,QC,67.764,Microscopic Confirmation
1998,QC,67.986,Microscopic Confirmation
1999,QC,70.286,Microscopic Confirmation
2000,QC,70.498,Microscopic Confirmation
2001,QC,70.528,Microscopic Confirmation
2002,QC,71.550,Microscopic Confirmation
2003,QC,69.974,Microscopic Confirmation
2004,QC,70.453,Microscopic Confirmation
2005,QC,71.244,Microscopic Confirmation
2006,QC,70.941,Microscopic Confirmation
2007,QC,71.791,Microscopic Confirmation
2008,QC,72.615,Microscopic Confirmation
2009,QC,73.198,Microscopic Confirmation
2010,QC,72.314,Microscopic Confirmation
2011,QC,83.000,Microscopic Confirmation
2012,QC,79.937,Microscopic Confirmation
2013,QC,88.986,Microscopic Confirmation
2014,QC,87.904,Microscopic Confirmation
2015,QC,88.196,Microscopic Confirmation
2016,QC,88.177,Microscopic Confirmation
2017,QC,88.404,Microscopic Confirmation
2018,QC,No data,Microscopic Confirmation
2019,QC,No data,Microscopic Confirmation
2020,QC,No data,Microscopic Confirmation
1992,ON,83.310,Microscopic Confirmation
1993,ON,82.396,Microscopic Confirmation
1994,ON,82.742,Microscopic Confirmation
1995,ON,83.024,Microscopic Confirmation
1996,ON,83.758,Microscopic Confirmation
1997,ON,83.744,Microscopic Confirmation
1998,ON,82.964,Microscopic Confirmation
1999,ON,83.062,Microscopic Confirmation
2000,ON,83.422,Microscopic Confirmation
2001,ON,82.254,Microscopic Confirmation
2002,ON,82.916,Microscopic Confirmation
2003,ON,82.896,Microscopic Confirmation
2004,ON,86.256,Microscopic Confirmation
2005,ON,86.157,Microscopic Confirmation
2006,ON,85.815,Microscopic Confirmation
2007,ON,94.481,Microscopic Confirmation
2008,ON,94.616,Microscopic Confirmation
2009,ON,94.584,Microscopic Confirmation
2010,ON,87.980,Microscopic Confirmation
2011,ON,89.134,Microscopic Confirmation
2012,ON,89.067,Microscopic Confirmation
2013,ON,88.455,Microscopic Confirmation
2014,ON,89.575,Microscopic Confirmation
2015,ON,89.895,Microscopic Confirmation
2016,ON,89.781,Microscopic Confirmation
2017,ON,89.177,Microscopic Confirmation
2018,ON,89.536,Microscopic Confirmation
2019,ON,89.147,Microscopic Confirmation
2020,ON,90.852,Microscopic Confirmation
1992,MB,86.729,Microscopic Confirmation
1993,MB,89.020,Microscopic Confirmation
1994,MB,89.192,Microscopic Confirmation
1995,MB,88.287,Microscopic Confirmation
1996,MB,89.357,Microscopic Confirmation
1997,MB,89.360,Microscopic Confirmation
1998,MB,90.410,Microscopic Confirmation
1999,MB,89.161,Microscopic Confirmation
2000,MB,87.528,Microscopic Confirmation
2001,MB,87.411,Microscopic Confirmation
2002,MB,87.028,Microscopic Confirmation
2003,MB,85.745,Microscopic Confirmation
2004,MB,86.685,Microscopic Confirmation
2005,MB,86.688,Microscopic Confirmation
2006,MB,87.051,Microscopic Confirmation
2007,MB,86.590,Microscopic Confirmation
2008,MB,84.877,Microscopic Confirmation
2009,MB,86.404,Microscopic Confirmation
2010,MB,86.641,Microscopic Confirmation
2011,MB,86.158,Microscopic Confirmation
2012,MB,88.120,Microscopic Confirmation
2013,MB,89.519,Microscopic Confirmation
2014,MB,88.754,Microscopic Confirmation
2015,MB,89.158,Microscopic Confirmation
2016,MB,90.267,Microscopic Confirmation
2017,MB,90.176,Microscopic Confirmation
2018,MB,90.776,Microscopic Confirmation
2019,MB,90.219,Microscopic Confirmation
2020,MB,90.939,Microscopic Confirmation
1992,SK,91.201,Microscopic Confirmation
1993,SK,91.414,Microscopic Confirmation
1994,SK,91.116,Microscopic Confirmation
1995,SK,90.393,Microscopic Confirmation
1996,SK,89.592,Microscopic Confirmation
1997,SK,90.689,Microscopic Confirmation
1998,SK,89.931,Microscopic Confirmation
1999,SK,89.835,Microscopic Confirmation
2000,SK,89.588,Microscopic Confirmation
2001,SK,89.279,Microscopic Confirmation
2002,SK,90.111,Microscopic Confirmation
2003,SK,89.820,Microscopic Confirmation
2004,SK,90.578,Microscopic Confirmation
2005,SK,89.482,Microscopic Confirmation
2006,SK,89.507,Microscopic Confirmation
2007,SK,89.833,Microscopic Confirmation
2008,SK,88.747,Microscopic Confirmation
2009,SK,89.317,Microscopic Confirmation
2010,SK,89.239,Microscopic Confirmation
2011,SK,89.536,Microscopic Confirmation
2012,SK,90.460,Microscopic Confirmation
2013,SK,90.438,Microscopic Confirmation
2014,SK,90.980,Microscopic Confirmation
2015,SK,90.806,Microscopic Confirmation
2016,SK,91.846,Microscopic Confirmation
2017,SK,90.749,Microscopic Confirmation
2018,SK,92.043,Microscopic Confirmation
2019,SK,92.926,Microscopic Confirmation
2020,SK,92.856,Microscopic Confirmation
1992,AB,93.948,Microscopic Confirmation
1993,AB,93.360,Microscopic Confirmation
1994,AB,92.303,Microscopic Confirmation
1995,AB,92.417,Microscopic Confirmation
1996,AB,92.076,Microscopic Confirmation
1997,AB,92.823,Microscopic Confirmation
1998,AB,93.104,Microscopic Confirmation
1999,AB,93.011,Microscopic Confirmation
2000,AB,92.718,Microscopic Confirmation
2001,AB,92.435,Microscopic Confirmation
2002,AB,91.863,Microscopic Confirmation
2003,AB,91.539,Microscopic Confirmation
2004,AB,92.194,Microscopic Confirmation
2005,AB,92.584,Microscopic Confirmation
2006,AB,91.919,Microscopic Confirmation
2007,AB,91.230,Microscopic Confirmation
2008,AB,91.295,Microscopic Confirmation
2009,AB,91.997,Microscopic Confirmation
2010,AB,92.421,Microscopic Confirmation
2011,AB,92.337,Microscopic Confirmation
2012,AB,91.734,Microscopic Confirmation
2013,AB,91.704,Microscopic Confirmation
2014,AB,91.767,Microscopic Confirmation
2015,AB,91.778,Microscopic Confirmation
2016,AB,90.993,Microscopic Confirmation
2017,AB,91.010,Microscopic Confirmation
2018,AB,91.154,Microscopic Confirmation
2019,AB,91.088,Microscopic Confirmation
2020,AB,91.342,Microscopic Confirmation
1992,BC,91.474,Microscopic Confirmation
1993,BC,91.052,Microscopic Confirmation
1994,BC,91.113,Microscopic Confirmation
1995,BC,90.671,Microscopic Confirmation
1996,BC,90.623,Microscopic Confirmation
1997,BC,91.275,Microscopic Confirmation
1998,BC,90.836,Microscopic Confirmation
1999,BC,90.685,Microscopic Confirmation
2000,BC,90.557,Microscopic Confirmation
2001,BC,89.627,Microscopic Confirmation
2002,BC,91.317,Microscopic Confirmation
2003,BC,90.812,Microscopic Confirmation
2004,BC,90.961,Microscopic Confirmation
2005,BC,90.680,Microscopic Confirmation
2006,BC,90.096,Microscopic Confirmation
2007,BC,89.175,Microscopic Confirmation
2008,BC,90.116,Microscopic Confirmation
2009,BC,90.095,Microscopic Confirmation
2010,BC,90.863,Microscopic Confirmation
2011,BC,91.043,Microscopic Confirmation
2012,BC,90.244,Microscopic Confirmation
2013,BC,90.383,Microscopic Confirmation
2014,BC,90.972,Microscopic Confirmation
2015,BC,90.147,Microscopic Confirmation
2016,BC,90.334,Microscopic Confirmation
2017,BC,90.171,Microscopic Confirmation
2018,BC,90.260,Microscopic Confirmation
2019,BC,89.948,Microscopic Confirmation
2020,BC,90.528,Microscopic Confirmation
1992,YT,98.387,Microscopic Confirmation
1993,YT,97.101,Microscopic Confirmation
1994,YT,98.507,Microscopic Confirmation
1995,YT,95.455,Microscopic Confirmation
1996,YT,95.062,Microscopic Confirmation
1997,YT,90.411,Microscopic Confirmation
1998,YT,97.368,Microscopic Confirmation
1999,YT,95.763,Microscopic Confirmation
2000,YT,93.750,Microscopic Confirmation
2001,YT,88.350,Microscopic Confirmation
2002,YT,84.962,Microscopic Confirmation
2003,YT,96.429,Microscopic Confirmation
2004,YT,84.615,Microscopic Confirmation
2005,YT,86.179,Microscopic Confirmation
2006,YT,96.491,Microscopic Confirmation
2007,YT,92.800,Microscopic Confirmation
2008,YT,90.476,Microscopic Confirmation
2009,YT,91.613,Microscopic Confirmation
2010,YT,87.261,Microscopic Confirmation
2011,YT,86.905,Microscopic Confirmation
2012,YT,90.909,Microscopic Confirmation
2013,YT,94.340,Microscopic Confirmation
2014,YT,96.528,Microscopic Confirmation
2015,YT,93.370,Microscopic Confirmation
2016,YT,96.296,Microscopic Confirmation
2017,YT,93.989,Microscopic Confirmation
2018,YT,97.030,Microscopic Confirmation
2019,YT,96.216,Microscopic Confirmation
2020,YT,94.118,Microscopic Confirmation
1992,NT,84.375,Microscopic Confirmation
1993,NT,92.391,Microscopic Confirmation
1994,NT,94.545,Microscopic Confirmation
1995,NT,96.104,Microscopic Confirmation
1996,NT,93.684,Microscopic Confirmation
1997,NT,90.991,Microscopic Confirmation
1998,NT,97.248,Microscopic Confirmation
1999,NT,97.196,Microscopic Confirmation
2000,NT,95.798,Microscopic Confirmation
2001,NT,96.364,Microscopic Confirmation
2002,NT,96.269,Microscopic Confirmation
2003,NT,88.189,Microscopic Confirmation
2004,NT,92.373,Microscopic Confirmation
2005,NT,95.200,Microscopic Confirmation
2006,NT,94.595,Microscopic Confirmation
2007,NT,93.243,Microscopic Confirmation
2008,NT,92.063,Microscopic Confirmation
2009,NT,94.737,Microscopic Confirmation
2010,NT,89.726,Microscopic Confirmation
2011,NT,93.243,Microscopic Confirmation
2012,NT,91.824,Microscopic Confirmation
2013,NT,93.056,Microscopic Confirmation
2014,NT,91.935,Microscopic Confirmation
2015,NT,95.597,Microscopic Confirmation
2016,NT,91.795,Microscopic Confirmation
2017,NT,94.231,Microscopic Confirmation
2018,NT,88.601,Microscopic Confirmation
2019,NT,91.589,Microscopic Confirmation
2020,NT,91.824,Microscopic Confirmation
1992,NU,87.500,Microscopic Confirmation
1993,NU,89.583,Microscopic Confirmation
1994,NU,90.476,Microscopic Confirmation
1995,NU,89.474,Microscopic Confirmation
1996,NU,83.929,Microscopic Confirmation
1997,NU,82.609,Microscopic Confirmation
1998,NU,94.000,Microscopic Confirmation
1999,NU,89.655,Microscopic Confirmation
2000,NU,75.439,Microscopic Confirmation
2001,NU,88.710,Microscopic Confirmation
2002,NU,88.406,Microscopic Confirmation
2003,NU,95.385,Microscopic Confirmation
2004,NU,100.000,Microscopic Confirmation
2005,NU,100.000,Microscopic Confirmation
2006,NU,97.015,Microscopic Confirmation
2007,NU,98.305,Microscopic Confirmation
2008,NU,96.429,Microscopic Confirmation
2009,NU,86.207,Microscopic Confirmation
2010,NU,96.923,Microscopic Confirmation
2011,NU,98.438,Microscopic Confirmation
2012,NU,96.429,Microscopic Confirmation
2013,NU,95.455,Microscopic Confirmation
2014,NU,96.970,Microscopic Confirmation
2015,NU,100.000,Microscopic Confirmation
2016,NU,97.183,Microscopic Confirmation
2017,NU,93.182,Microscopic Confirmation
2018,NU,96.296,Microscopic Confirmation
2019,NU,93.151,Microscopic Confirmation
2020,NU,97.222,Microscopic Confirmation
1992,Canada,2.931,Primary Site Unknown
1993,Canada,2.754,Primary Site Unknown
1994,Canada,2.265,Primary Site Unknown
1995,Canada,2.978,Primary Site Unknown
1996,Canada,2.900,Primary Site Unknown
1997,Canada,2.823,Primary Site Unknown
1998,Canada,2.886,Primary Site Unknown
1999,Canada,2.892,Primary Site Unknown
2000,Canada,2.699,Primary Site Unknown
2001,Canada,2.789,Primary Site Unknown
2002,Canada,2.595,Primary Site Unknown
2003,Canada,2.760,Primary Site Unknown
2004,Canada,2.664,Primary Site Unknown
2005,Canada,2.479,Primary Site Unknown
2006,Canada,2.654,Primary Site Unknown
2007,Canada,2.428,Primary Site Unknown
2008,Canada,2.455,Primary Site Unknown
2009,Canada,2.304,Primary Site Unknown
2010,Canada,1.633,Primary Site Unknown
2011,Canada,1.349,Primary Site Unknown
2012,Canada,1.289,Primary Site Unknown
2013,Canada,1.520,Primary Site Unknown
2014,Canada,1.400,Primary Site Unknown
2015,Canada,1.301,Primary Site Unknown
2016,Canada,1.560,Primary Site Unknown
2017,Canada,1.518,Primary Site Unknown
2018,Canada,1.392,Primary Site Unknown
2019,Canada,1.486,Primary Site Unknown
2020,Canada,1.443,Primary Site Unknown
1992,NL,3.202,Primary Site Unknown
1993,NL,2.416,Primary Site Unknown
1994,NL,2.359,Primary Site Unknown
1995,NL,3.157,Primary Site Unknown
1996,NL,3.681,Primary Site Unknown
1997,NL,3.537,Primary Site Unknown
1998,NL,2.618,Primary Site Unknown
1999,NL,3.511,Primary Site Unknown
2000,NL,2.424,Primary Site Unknown
2001,NL,3.118,Primary Site Unknown
2002,NL,2.385,Primary Site Unknown
2003,NL,2.239,Primary Site Unknown
2004,NL,2.423,Primary Site Unknown
2005,NL,2.399,Primary Site Unknown
2006,NL,0.925,Primary Site Unknown
2007,NL,2.510,Primary Site Unknown
2008,NL,2.514,Primary Site Unknown
2009,NL,2.082,Primary Site Unknown
2010,NL,1.976,Primary Site Unknown
2011,NL,1.972,Primary Site Unknown
2012,NL,1.270,Primary Site Unknown
2013,NL,1.235,Primary Site Unknown
2014,NL,1.428,Primary Site Unknown
2015,NL,1.012,Primary Site Unknown
2016,NL,0.877,Primary Site Unknown
2017,NL,1.175,Primary Site Unknown
2018,NL,1.300,Primary Site Unknown
2019,NL,1.746,Primary Site Unknown
2020,NL,2.246,Primary Site Unknown
1992,PE,2.882,Primary Site Unknown
1993,PE,2.941,Primary Site Unknown
1994,PE,2.430,Primary Site Unknown
1995,PE,1.124,Primary Site Unknown
1996,PE,3.305,Primary Site Unknown
1997,PE,2.517,Primary Site Unknown
1998,PE,1.757,Primary Site Unknown
1999,PE,1.843,Primary Site Unknown
2000,PE,1.554,Primary Site Unknown
2001,PE,1.877,Primary Site Unknown
2002,PE,2.009,Primary Site Unknown
2003,PE,1.980,Primary Site Unknown
2004,PE,1.133,Primary Site Unknown
2005,PE,1.327,Primary Site Unknown
2006,PE,1.868,Primary Site Unknown
2007,PE,1.309,Primary Site Unknown
2008,PE,2.007,Primary Site Unknown
2009,PE,0.841,Primary Site Unknown
2010,PE,1.451,Primary Site Unknown
2011,PE,1.362,Primary Site Unknown
2012,PE,1.753,Primary Site Unknown
2013,PE,1.836,Primary Site Unknown
2014,PE,1.816,Primary Site Unknown
2015,PE,1.626,Primary Site Unknown
2016,PE,1.571,Primary Site Unknown
2017,PE,1.337,Primary Site Unknown
2018,PE,2.152,Primary Site Unknown
2019,PE,2.489,Primary Site Unknown
2020,PE,2.218,Primary Site Unknown
1992,NS,3.466,Primary Site Unknown
1993,NS,3.267,Primary Site Unknown
1994,NS,3.314,Primary Site Unknown
1995,NS,3.656,Primary Site Unknown
1996,NS,3.518,Primary Site Unknown
1997,NS,3.654,Primary Site Unknown
1998,NS,3.152,Primary Site Unknown
1999,NS,2.989,Primary Site Unknown
2000,NS,2.912,Primary Site Unknown
2001,NS,2.974,Primary Site Unknown
2002,NS,2.779,Primary Site Unknown
2003,NS,2.694,Primary Site Unknown
2004,NS,2.899,Primary Site Unknown
2005,NS,2.385,Primary Site Unknown
2006,NS,2.353,Primary Site Unknown
2007,NS,2.281,Primary Site Unknown
2008,NS,2.173,Primary Site Unknown
2009,NS,2.688,Primary Site Unknown
2010,NS,2.050,Primary Site Unknown
2011,NS,2.208,Primary Site Unknown
2012,NS,1.988,Primary Site Unknown
2013,NS,2.038,Primary Site Unknown
2014,NS,1.756,Primary Site Unknown
2015,NS,1.766,Primary Site Unknown
2016,NS,1.894,Primary Site Unknown
2017,NS,1.559,Primary Site Unknown
2018,NS,1.462,Primary Site Unknown
2019,NS,0.970,Primary Site Unknown
2020,NS,No data,Primary Site Unknown
1992,NB,2.555,Primary Site Unknown
1993,NB,2.614,Primary Site Unknown
1994,NB,2.050,Primary Site Unknown
1995,NB,2.325,Primary Site Unknown
1996,NB,2.051,Primary Site Unknown
1997,NB,2.151,Primary Site Unknown
1998,NB,1.703,Primary Site Unknown
1999,NB,1.731,Primary Site Unknown
2000,NB,1.636,Primary Site Unknown
2001,NB,1.516,Primary Site Unknown
2002,NB,1.296,Primary Site Unknown
2003,NB,0.858,Primary Site Unknown
2004,NB,1.036,Primary Site Unknown
2005,NB,0.740,Primary Site Unknown
2006,NB,0.623,Primary Site Unknown
2007,NB,1.068,Primary Site Unknown
2008,NB,1.308,Primary Site Unknown
2009,NB,1.138,Primary Site Unknown
2010,NB,1.253,Primary Site Unknown
2011,NB,1.322,Primary Site Unknown
2012,NB,1.417,Primary Site Unknown
2013,NB,1.395,Primary Site Unknown
2014,NB,1.026,Primary Site Unknown
2015,NB,1.314,Primary Site Unknown
2016,NB,1.454,Primary Site Unknown
2017,NB,1.046,Primary Site Unknown
2018,NB,1.044,Primary Site Unknown
2019,NB,0.922,Primary Site Unknown
2020,NB,1.113,Primary Site Unknown
1992,QC,2.662,Primary Site Unknown
1993,QC,2.443,Primary Site Unknown
1994,QC,0.462,Primary Site Unknown
1995,QC,2.600,Primary Site Unknown
1996,QC,2.576,Primary Site Unknown
1997,QC,2.423,Primary Site Unknown
1998,QC,2.764,Primary Site Unknown
1999,QC,2.623,Primary Site Unknown
2000,QC,2.419,Primary Site Unknown
2001,QC,2.433,Primary Site Unknown
2002,QC,2.198,Primary Site Unknown
2003,QC,2.227,Primary Site Unknown
2004,QC,2.317,Primary Site Unknown
2005,QC,2.187,Primary Site Unknown
2006,QC,2.654,Primary Site Unknown
2007,QC,2.874,Primary Site Unknown
2008,QC,2.681,Primary Site Unknown
2009,QC,2.701,Primary Site Unknown
2010,QC,2.630,Primary Site Unknown
2011,QC,1.734,Primary Site Unknown
2012,QC,1.581,Primary Site Unknown
2013,QC,1.604,Primary Site Unknown
2014,QC,1.494,Primary Site Unknown
2015,QC,1.497,Primary Site Unknown
2016,QC,1.391,Primary Site Unknown
2017,QC,1.433,Primary Site Unknown
2018,QC,No data,Primary Site Unknown
2019,QC,No data,Primary Site Unknown
2020,QC,No data,Primary Site Unknown
1992,ON,3.465,Primary Site Unknown
1993,ON,3.211,Primary Site Unknown
1994,ON,3.264,Primary Site Unknown
1995,ON,3.302,Primary Site Unknown
1996,ON,3.301,Primary Site Unknown
1997,ON,3.217,Primary Site Unknown
1998,ON,3.289,Primary Site Unknown
1999,ON,3.407,Primary Site Unknown
2000,ON,3.272,Primary Site Unknown
2001,ON,3.418,Primary Site Unknown
2002,ON,3.185,Primary Site Unknown
2003,ON,3.827,Primary Site Unknown
2004,ON,3.452,Primary Site Unknown
2005,ON,3.176,Primary Site Unknown
2006,ON,3.398,Primary Site Unknown
2007,ON,2.603,Primary Site Unknown
2008,ON,2.750,Primary Site Unknown
2009,ON,2.591,Primary Site Unknown
2010,ON,1.039,Primary Site Unknown
2011,ON,0.917,Primary Site Unknown
2012,ON,0.971,Primary Site Unknown
2013,ON,1.685,Primary Site Unknown
2014,ON,1.587,Primary Site Unknown
2015,ON,1.316,Primary Site Unknown
2016,ON,2.038,Primary Site Unknown
2017,ON,1.908,Primary Site Unknown
2018,ON,1.651,Primary Site Unknown
2019,ON,1.846,Primary Site Unknown
2020,ON,1.547,Primary Site Unknown
1992,MB,2.605,Primary Site Unknown
1993,MB,2.177,Primary Site Unknown
1994,MB,2.293,Primary Site Unknown
1995,MB,2.838,Primary Site Unknown
1996,MB,2.033,Primary Site Unknown
1997,MB,2.407,Primary Site Unknown
1998,MB,2.566,Primary Site Unknown
1999,MB,2.698,Primary Site Unknown
2000,MB,2.845,Primary Site Unknown
2001,MB,2.481,Primary Site Unknown
2002,MB,2.348,Primary Site Unknown
2003,MB,1.882,Primary Site Unknown
2004,MB,1.832,Primary Site Unknown
2005,MB,2.131,Primary Site Unknown
2006,MB,2.281,Primary Site Unknown
2007,MB,2.116,Primary Site Unknown
2008,MB,2.394,Primary Site Unknown
2009,MB,1.905,Primary Site Unknown
2010,MB,2.172,Primary Site Unknown
2011,MB,1.837,Primary Site Unknown
2012,MB,2.069,Primary Site Unknown
2013,MB,1.835,Primary Site Unknown
2014,MB,2.009,Primary Site Unknown
2015,MB,1.840,Primary Site Unknown
2016,MB,1.686,Primary Site Unknown
2017,MB,1.774,Primary Site Unknown
2018,MB,1.450,Primary Site Unknown
2019,MB,1.453,Primary Site Unknown
2020,MB,1.571,Primary Site Unknown
1992,SK,2.409,Primary Site Unknown
1993,SK,2.196,Primary Site Unknown
1994,SK,3.050,Primary Site Unknown
1995,SK,3.024,Primary Site Unknown
1996,SK,3.053,Primary Site Unknown
1997,SK,3.045,Primary Site Unknown
1998,SK,3.176,Primary Site Unknown
1999,SK,2.927,Primary Site Unknown
2000,SK,2.352,Primary Site Unknown
2001,SK,2.980,Primary Site Unknown
2002,SK,2.446,Primary Site Unknown
2003,SK,1.929,Primary Site Unknown
2004,SK,2.162,Primary Site Unknown
2005,SK,2.072,Primary Site Unknown
2006,SK,2.480,Primary Site Unknown
2007,SK,1.422,Primary Site Unknown
2008,SK,1.731,Primary Site Unknown
2009,SK,1.153,Primary Site Unknown
2010,SK,1.199,Primary Site Unknown
2011,SK,0.830,Primary Site Unknown
2012,SK,1.094,Primary Site Unknown
2013,SK,0.871,Primary Site Unknown
2014,SK,0.728,Primary Site Unknown
2015,SK,0.863,Primary Site Unknown
2016,SK,0.962,Primary Site Unknown
2017,SK,1.287,Primary Site Unknown
2018,SK,1.008,Primary Site Unknown
2019,SK,1.021,Primary Site Unknown
2020,SK,0.839,Primary Site Unknown
1992,AB,2.513,Primary Site Unknown
1993,AB,2.674,Primary Site Unknown
1994,AB,2.461,Primary Site Unknown
1995,AB,2.626,Primary Site Unknown
1996,AB,2.532,Primary Site Unknown
1997,AB,2.360,Primary Site Unknown
1998,AB,2.316,Primary Site Unknown
1999,AB,2.172,Primary Site Unknown
2000,AB,2.162,Primary Site Unknown
2001,AB,2.221,Primary Site Unknown
2002,AB,1.948,Primary Site Unknown
2003,AB,1.897,Primary Site Unknown
2004,AB,1.684,Primary Site Unknown
2005,AB,1.645,Primary Site Unknown
2006,AB,1.531,Primary Site Unknown
2007,AB,1.713,Primary Site Unknown
2008,AB,1.777,Primary Site Unknown
2009,AB,1.352,Primary Site Unknown
2010,AB,1.250,Primary Site Unknown
2011,AB,1.207,Primary Site Unknown
2012,AB,1.068,Primary Site Unknown
2013,AB,1.165,Primary Site Unknown
2014,AB,1.038,Primary Site Unknown
2015,AB,1.019,Primary Site Unknown
2016,AB,1.067,Primary Site Unknown
2017,AB,1.060,Primary Site Unknown
2018,AB,0.961,Primary Site Unknown
2019,AB,0.875,Primary Site Unknown
2020,AB,1.038,Primary Site Unknown
1992,BC,2.547,Primary Site Unknown
1993,BC,2.590,Primary Site Unknown
1994,BC,2.889,Primary Site Unknown
1995,BC,3.229,Primary Site Unknown
1996,BC,2.941,Primary Site Unknown
1997,BC,2.839,Primary Site Unknown
1998,BC,2.766,Primary Site Unknown
1999,BC,2.870,Primary Site Unknown
2000,BC,2.478,Primary Site Unknown
2001,BC,2.554,Primary Site Unknown
2002,BC,2.741,Primary Site Unknown
2003,BC,2.790,Primary Site Unknown
2004,BC,2.805,Primary Site Unknown
2005,BC,2.513,Primary Site Unknown
2006,BC,2.480,Primary Site Unknown
2007,BC,2.263,Primary Site Unknown
2008,BC,2.216,Primary Site Unknown
2009,BC,2.041,Primary Site Unknown
2010,BC,1.527,Primary Site Unknown
2011,BC,1.646,Primary Site Unknown
2012,BC,1.344,Primary Site Unknown
2013,BC,1.068,Primary Site Unknown
2014,BC,0.800,Primary Site Unknown
2015,BC,0.890,Primary Site Unknown
2016,BC,0.906,Primary Site Unknown
2017,BC,0.908,Primary Site Unknown
2018,BC,1.018,Primary Site Unknown
2019,BC,1.110,Primary Site Unknown
2020,BC,1.470,Primary Site Unknown
1992,YT,9.677,Primary Site Unknown
1993,YT,4.348,Primary Site Unknown
1994,YT,4.478,Primary Site Unknown
1995,YT,1.515,Primary Site Unknown
1996,YT,4.938,Primary Site Unknown
1997,YT,4.110,Primary Site Unknown
1998,YT,9.211,Primary Site Unknown
1999,YT,5.085,Primary Site Unknown
2000,YT,3.125,Primary Site Unknown
2001,YT,6.796,Primary Site Unknown
2002,YT,3.759,Primary Site Unknown
2003,YT,2.679,Primary Site Unknown
2004,YT,2.308,Primary Site Unknown
2005,YT,3.252,Primary Site Unknown
2006,YT,0.000,Primary Site Unknown
2007,YT,4.800,Primary Site Unknown
2008,YT,3.810,Primary Site Unknown
2009,YT,2.581,Primary Site Unknown
2010,YT,4.459,Primary Site Unknown
2011,YT,1.190,Primary Site Unknown
2012,YT,0.649,Primary Site Unknown
2013,YT,0.629,Primary Site Unknown
2014,YT,0.694,Primary Site Unknown
2015,YT,1.105,Primary Site Unknown
2016,YT,2.116,Primary Site Unknown
2017,YT,0.546,Primary Site Unknown
2018,YT,0.495,Primary Site Unknown
2019,YT,0.000,Primary Site Unknown
2020,YT,0.535,Primary Site Unknown
1992,NT,0.000,Primary Site Unknown
1993,NT,0.000,Primary Site Unknown
1994,NT,0.000,Primary Site Unknown
1995,NT,1.299,Primary Site Unknown
1996,NT,0.000,Primary Site Unknown
1997,NT,0.000,Primary Site Unknown
1998,NT,1.835,Primary Site Unknown
1999,NT,0.000,Primary Site Unknown
2000,NT,0.840,Primary Site Unknown
2001,NT,2.727,Primary Site Unknown
2002,NT,0.746,Primary Site Unknown
2003,NT,0.000,Primary Site Unknown
2004,NT,1.695,Primary Site Unknown
2005,NT,0.800,Primary Site Unknown
2006,NT,0.901,Primary Site Unknown
2007,NT,0.676,Primary Site Unknown
2008,NT,1.587,Primary Site Unknown
2009,NT,1.316,Primary Site Unknown
2010,NT,4.795,Primary Site Unknown
2011,NT,0.000,Primary Site Unknown
2012,NT,1.258,Primary Site Unknown
2013,NT,2.778,Primary Site Unknown
2014,NT,1.613,Primary Site Unknown
2015,NT,0.629,Primary Site Unknown
2016,NT,3.590,Primary Site Unknown
2017,NT,0.000,Primary Site Unknown
2018,NT,1.036,Primary Site Unknown
2019,NT,0.467,Primary Site Unknown
2020,NT,1.258,Primary Site Unknown
1992,NU,2.083,Primary Site Unknown
1993,NU,2.083,Primary Site Unknown
1994,NU,2.381,Primary Site Unknown
1995,NU,0.000,Primary Site Unknown
1996,NU,0.000,Primary Site Unknown
1997,NU,0.000,Primary Site Unknown
1998,NU,2.000,Primary Site Unknown
1999,NU,1.724,Primary Site Unknown
2000,NU,0.000,Primary Site Unknown
2001,NU,0.000,Primary Site Unknown
2002,NU,1.449,Primary Site Unknown
2003,NU,1.538,Primary Site Unknown
2004,NU,5.769,Primary Site Unknown
2005,NU,0.000,Primary Site Unknown
2006,NU,4.478,Primary Site Unknown
2007,NU,1.695,Primary Site Unknown
2008,NU,3.571,Primary Site Unknown
2009,NU,6.897,Primary Site Unknown
2010,NU,0.000,Primary Site Unknown
2011,NU,1.563,Primary Site Unknown
2012,NU,0.000,Primary Site Unknown
2013,NU,0.000,Primary Site Unknown
2014,NU,3.030,Primary Site Unknown
2015,NU,0.000,Primary Site Unknown
2016,NU,0.000,Primary Site Unknown
2017,NU,0.000,Primary Site Unknown
2018,NU,0.000,Primary Site Unknown
2019,NU,4.110,Primary Site Unknown
2020,NU,2.778,Primary Site Unknown
1996,Canada,100.751,Case Ascertainment
1997,Canada,103.061,Case Ascertainment
1998,Canada,105.416,Case Ascertainment
1999,Canada,105.640,Case Ascertainment
2000,Canada,105.894,Case Ascertainment
2001,Canada,105.170,Case Ascertainment
2002,Canada,103.678,Case Ascertainment
2003,Canada,102.796,Case Ascertainment
2004,Canada,104.121,Case Ascertainment
2005,Canada,105.190,Case Ascertainment
2006,Canada,106.856,Case Ascertainment
2007,Canada,107.013,Case Ascertainment
2008,Canada,103.699,Case Ascertainment
2009,Canada,103.936,Case Ascertainment
2010,Canada,109.975,Case Ascertainment
2011,Canada,111.321,Case Ascertainment
2012,Canada,109.434,Case Ascertainment
2013,Canada,102.947,Case Ascertainment
2014,Canada,101.507,Case Ascertainment
2015,Canada,102.545,Case Ascertainment
2016,Canada,104.024,Case Ascertainment
2017,Canada,104.512,Case Ascertainment
2018,Canada,101.475,Case Ascertainment
2019,Canada,101.293,Case Ascertainment
2020,Canada,94.394,Case Ascertainment
1996,NL,89.650,Case Ascertainment
1997,NL,88.272,Case Ascertainment
1998,NL,87.966,Case Ascertainment
1999,NL,84.267,Case Ascertainment
2000,NL,86.734,Case Ascertainment
2001,NL,87.584,Case Ascertainment
2002,NL,81.519,Case Ascertainment
2003,NL,87.237,Case Ascertainment
2004,NL,91.340,Case Ascertainment
2005,NL,89.123,Case Ascertainment
2006,NL,102.475,Case Ascertainment
2007,NL,101.714,Case Ascertainment
2008,NL,104.827,Case Ascertainment
2009,NL,104.036,Case Ascertainment
2010,NL,102.124,Case Ascertainment
2011,NL,101.392,Case Ascertainment
2012,NL,97.403,Case Ascertainment
2013,NL,94.048,Case Ascertainment
2014,NL,93.520,Case Ascertainment
2015,NL,96.361,Case Ascertainment
2016,NL,101.396,Case Ascertainment
2017,NL,97.818,Case Ascertainment
2018,NL,95.372,Case Ascertainment
2019,NL,92.569,Case Ascertainment
2020,NL,88.125,Case Ascertainment
1996,PE,98.561,Case Ascertainment
1997,PE,106.657,Case Ascertainment
1998,PE,117.659,Case Ascertainment
1999,PE,112.165,Case Ascertainment
2000,PE,103.250,Case Ascertainment
2001,PE,112.272,Case Ascertainment
2002,PE,108.491,Case Ascertainment
2003,PE,119.082,Case Ascertainment
2004,PE,111.114,Case Ascertainment
2005,PE,108.566,Case Ascertainment
2006,PE,107.595,Case Ascertainment
2007,PE,120.306,Case Ascertainment
2008,PE,109.970,Case Ascertainment
2009,PE,107.006,Case Ascertainment
2010,PE,103.227,Case Ascertainment
2011,PE,106.241,Case Ascertainment
2012,PE,110.977,Case Ascertainment
2013,PE,99.972,Case Ascertainment
2014,PE,100.169,Case Ascertainment
2015,PE,106.427,Case Ascertainment
2016,PE,105.983,Case Ascertainment
2017,PE,105.680,Case Ascertainment
2018,PE,90.629,Case Ascertainment
2019,PE,97.862,Case Ascertainment
2020,PE,100.147,Case Ascertainment
1996,NS,98.148,Case Ascertainment
1997,NS,98.897,Case Ascertainment
1998,NS,108.575,Case Ascertainment
1999,NS,110.970,Case Ascertainment
2000,NS,109.250,Case Ascertainment
2001,NS,109.685,Case Ascertainment
2002,NS,106.942,Case Ascertainment
2003,NS,101.939,Case Ascertainment
2004,NS,105.390,Case Ascertainment
2005,NS,106.788,Case Ascertainment
2006,NS,116.382,Case Ascertainment
2007,NS,112.056,Case Ascertainment
2008,NS,105.321,Case Ascertainment
2009,NS,101.960,Case Ascertainment
2010,NS,104.717,Case Ascertainment
2011,NS,97.695,Case Ascertainment
2012,NS,100.669,Case Ascertainment
2013,NS,98.390,Case Ascertainment
2014,NS,97.141,Case Ascertainment
2015,NS,96.863,Case Ascertainment
2016,NS,96.935,Case Ascertainment
2017,NS,98.683,Case Ascertainment
2018,NS,93.615,Case Ascertainment
2019,NS,73.895,Case Ascertainment
2020,NS,No data,Case Ascertainment
1996,NB,103.036,Case Ascertainment
1997,NB,107.395,Case Ascertainment
1998,NB,107.062,Case Ascertainment
1999,NB,110.868,Case Ascertainment
2000,NB,109.123,Case Ascertainment
2001,NB,108.170,Case Ascertainment
2002,NB,105.404,Case Ascertainment
2003,NB,103.448,Case Ascertainment
2004,NB,105.205,Case Ascertainment
2005,NB,115.842,Case Ascertainment
2006,NB,117.570,Case Ascertainment
2007,NB,118.684,Case Ascertainment
2008,NB,113.066,Case Ascertainment
2009,NB,108.421,Case Ascertainment
2010,NB,108.240,Case Ascertainment
2011,NB,107.635,Case Ascertainment
2012,NB,103.909,Case Ascertainment
2013,NB,106.681,Case Ascertainment
2014,NB,98.527,Case Ascertainment
2015,NB,98.469,Case Ascertainment
2016,NB,100.775,Case Ascertainment
2017,NB,100.297,Case Ascertainment
2018,NB,94.906,Case Ascertainment
2019,NB,94.701,Case Ascertainment
2020,NB,95.243,Case Ascertainment
1996,QC,102.002,Case Ascertainment
1997,QC,100.826,Case Ascertainment
1998,QC,105.609,Case Ascertainment
1999,QC,104.888,Case Ascertainment
2000,QC,109.542,Case Ascertainment
2001,QC,108.612,Case Ascertainment
2002,QC,106.810,Case Ascertainment
2003,QC,109.739,Case Ascertainment
2004,QC,111.353,Case Ascertainment
2005,QC,110.375,Case Ascertainment
2006,QC,110.353,Case Ascertainment
2007,QC,108.643,Case Ascertainment
2008,QC,107.672,Case Ascertainment
2009,QC,108.091,Case Ascertainment
2010,QC,115.980,Case Ascertainment
2011,QC,121.637,Case Ascertainment
2012,QC,122.781,Case Ascertainment
2013,QC,105.077,Case Ascertainment
2014,QC,105.683,Case Ascertainment
2015,QC,105.777,Case Ascertainment
2016,QC,109.293,Case Ascertainment
2017,QC,108.899,Case Ascertainment
2018,QC,No data,Case Ascertainment
2019,QC,No data,Case Ascertainment
2020,QC,No data,Case Ascertainment
1996,ON,96.230,Case Ascertainment
1997,ON,102.062,Case Ascertainment
1998,ON,103.448,Case Ascertainment
1999,ON,101.668,Case Ascertainment
2000,ON,100.336,Case Ascertainment
2001,ON,99.991,Case Ascertainment
2002,ON,98.826,Case Ascertainment
2003,ON,96.374,Case Ascertainment
2004,ON,99.581,Case Ascertainment
2005,ON,102.262,Case Ascertainment
2006,ON,102.873,Case Ascertainment
2007,ON,104.545,Case Ascertainment
2008,ON,99.693,Case Ascertainment
2009,ON,99.754,Case Ascertainment
2010,ON,112.229,Case Ascertainment
2011,ON,110.611,Case Ascertainment
2012,ON,106.896,Case Ascertainment
2013,ON,104.386,Case Ascertainment
2014,ON,102.167,Case Ascertainment
2015,ON,104.067,Case Ascertainment
2016,ON,104.483,Case Ascertainment
2017,ON,107.347,Case Ascertainment
2018,ON,104.193,Case Ascertainment
2019,ON,103.624,Case Ascertainment
2020,ON,94.205,Case Ascertainment
1996,MB,103.181,Case Ascertainment
1997,MB,107.251,Case Ascertainment
1998,MB,105.317,Case Ascertainment
1999,MB,107.418,Case Ascertainment
2000,MB,109.454,Case Ascertainment
2001,MB,108.179,Case Ascertainment
2002,MB,108.034,Case Ascertainment
2003,MB,101.008,Case Ascertainment
2004,MB,104.133,Case Ascertainment
2005,MB,101.950,Case Ascertainment
2006,MB,106.275,Case Ascertainment
2007,MB,105.223,Case Ascertainment
2008,MB,101.728,Case Ascertainment
2009,MB,104.927,Case Ascertainment
2010,MB,101.995,Case Ascertainment
2011,MB,104.735,Case Ascertainment
2012,MB,97.570,Case Ascertainment
2013,MB,97.968,Case Ascertainment
2014,MB,91.988,Case Ascertainment
2015,MB,91.619,Case Ascertainment
2016,MB,93.627,Case Ascertainment
2017,MB,93.558,Case Ascertainment
2018,MB,98.580,Case Ascertainment
2019,MB,97.807,Case Ascertainment
2020,MB,95.970,Case Ascertainment
1996,SK,100.252,Case Ascertainment
1997,SK,102.290,Case Ascertainment
1998,SK,105.538,Case Ascertainment
1999,SK,107.361,Case Ascertainment
2000,SK,105.281,Case Ascertainment
2001,SK,107.796,Case Ascertainment
2002,SK,104.968,Case Ascertainment
2003,SK,103.910,Case Ascertainment
2004,SK,106.946,Case Ascertainment
2005,SK,106.082,Case Ascertainment
2006,SK,105.671,Case Ascertainment
2007,SK,108.317,Case Ascertainment
2008,SK,106.602,Case Ascertainment
2009,SK,106.697,Case Ascertainment
2010,SK,101.852,Case Ascertainment
2011,SK,101.577,Case Ascertainment
2012,SK,99.312,Case Ascertainment
2013,SK,100.806,Case Ascertainment
2014,SK,96.300,Case Ascertainment
2015,SK,95.826,Case Ascertainment
2016,SK,97.980,Case Ascertainment
2017,SK,97.015,Case Ascertainment
2018,SK,92.792,Case Ascertainment
2019,SK,96.466,Case Ascertainment
2020,SK,90.698,Case Ascertainment
1996,AB,105.706,Case Ascertainment
1997,AB,106.372,Case Ascertainment
1998,AB,109.109,Case Ascertainment
1999,AB,114.422,Case Ascertainment
2000,AB,112.597,Case Ascertainment
2001,AB,110.936,Case Ascertainment
2002,AB,111.474,Case Ascertainment
2003,AB,110.640,Case Ascertainment
2004,AB,108.597,Case Ascertainment
2005,AB,107.596,Case Ascertainment
2006,AB,109.790,Case Ascertainment
2007,AB,108.502,Case Ascertainment
2008,AB,107.523,Case Ascertainment
2009,AB,107.516,Case Ascertainment
2010,AB,104.912,Case Ascertainment
2011,AB,108.798,Case Ascertainment
2012,AB,106.174,Case Ascertainment
2013,AB,100.396,Case Ascertainment
2014,AB,103.900,Case Ascertainment
2015,AB,105.485,Case Ascertainment
2016,AB,106.426,Case Ascertainment
2017,AB,104.368,Case Ascertainment
2018,AB,104.830,Case Ascertainment
2019,AB,107.344,Case Ascertainment
2020,AB,96.944,Case Ascertainment
1996,BC,110.117,Case Ascertainment
1997,BC,110.226,Case Ascertainment
1998,BC,109.897,Case Ascertainment
1999,BC,113.130,Case Ascertainment
2000,BC,111.260,Case Ascertainment
2001,BC,109.629,Case Ascertainment
2002,BC,107.544,Case Ascertainment
2003,BC,105.655,Case Ascertainment
2004,BC,101.754,Case Ascertainment
2005,BC,104.133,Case Ascertainment
2006,BC,107.700,Case Ascertainment
2007,BC,108.131,Case Ascertainment
2008,BC,103.689,Case Ascertainment
2009,BC,105.002,Case Ascertainment
2010,BC,102.972,Case Ascertainment
2011,BC,104.712,Case Ascertainment
2012,BC,103.860,Case Ascertainment
2013,BC,100.586,Case Ascertainment
2014,BC,97.003,Case Ascertainment
2015,BC,97.634,Case Ascertainment
2016,BC,98.074,Case Ascertainment
2017,BC,95.811,Case Ascertainment
2018,BC,98.475,Case Ascertainment
2019,BC,101.513,Case Ascertainment
2020,BC,94.092,Case Ascertainment
1996,YT,94.727,Case Ascertainment
1997,YT,73.576,Case Ascertainment
1998,YT,82.952,Case Ascertainment
1999,YT,115.866,Case Ascertainment
2000,YT,97.343,Case Ascertainment
2001,YT,92.267,Case Ascertainment
2002,YT,129.399,Case Ascertainment
2003,YT,80.636,Case Ascertainment
2004,YT,90.902,Case Ascertainment
2005,YT,99.819,Case Ascertainment
2006,YT,68.729,Case Ascertainment
2007,YT,75.641,Case Ascertainment
2008,YT,62.985,Case Ascertainment
2009,YT,91.785,Case Ascertainment
2010,YT,98.480,Case Ascertainment
2011,YT,81.253,Case Ascertainment
2012,YT,78.934,Case Ascertainment
2013,YT,75.778,Case Ascertainment
2014,YT,65.951,Case Ascertainment
2015,YT,98.030,Case Ascertainment
2016,YT,95.611,Case Ascertainment
2017,YT,125.949,Case Ascertainment
2018,YT,222.237,Case Ascertainment
2019,YT,No data,Case Ascertainment
2020,YT,No data,Case Ascertainment
1996,NT,71.286,Case Ascertainment
1997,NT,79.091,Case Ascertainment
1998,NT,77.941,Case Ascertainment
1999,NT,78.905,Case Ascertainment
2000,NT,94.394,Case Ascertainment
2001,NT,87.859,Case Ascertainment
2002,NT,129.630,Case Ascertainment
2003,NT,110.528,Case Ascertainment
2004,NT,98.044,Case Ascertainment
2005,NT,88.660,Case Ascertainment
2006,NT,94.939,Case Ascertainment
2007,NT,125.168,Case Ascertainment
2008,NT,99.276,Case Ascertainment
2009,NT,121.024,Case Ascertainment
2010,NT,97.847,Case Ascertainment
2011,NT,94.332,Case Ascertainment
2012,NT,97.313,Case Ascertainment
2013,NT,85.584,Case Ascertainment
2014,NT,105.190,Case Ascertainment
2015,NT,92.468,Case Ascertainment
2016,NT,88.272,Case Ascertainment
2017,NT,103.347,Case Ascertainment
2018,NT,84.324,Case Ascertainment
2019,NT,107.701,Case Ascertainment
2020,NT,68.883,Case Ascertainment
1996,NU,No data,Case Ascertainment
1997,NU,No data,Case Ascertainment
1998,NU,No data,Case Ascertainment
1999,NU,302.820,Case Ascertainment
2000,NU,207.885,Case Ascertainment
2001,NU,114.896,Case Ascertainment
2002,NU,132.722,Case Ascertainment
2003,NU,140.449,Case Ascertainment
2004,NU,66.350,Case Ascertainment
2005,NU,125.285,Case Ascertainment
2006,NU,87.573,Case Ascertainment
2007,NU,74.727,Case Ascertainment
2008,NU,60.685,Case Ascertainment
2009,NU,89.376,Case Ascertainment
2010,NU,95.402,Case Ascertainment
2011,NU,80.889,Case Ascertainment
2012,NU,71.442,Case Ascertainment
2013,NU,48.378,Case Ascertainment
2014,NU,55.217,Case Ascertainment
2015,NU,70.269,Case Ascertainment
2016,NU,84.084,Case Ascertainment
2017,NU,86.079,Case Ascertainment
2018,NU,91.212,Case Ascertainment
2019,NU,71.733,Case Ascertainment
2020,NU,57.931,Case Ascertainment
2013,Canada,0.017,Data Submission Delay
2014,Canada,0.033,Data Submission Delay
2015,Canada,0.013,Data Submission Delay
2016,Canada,0.032,Data Submission Delay
2017,Canada,0.036,Data Submission Delay
2018,Canada,0.002,Data Submission Delay
2019,Canada,0.029,Data Submission Delay
2013,NL,0.010,Data Submission Delay
2014,NL,0.013,Data Submission Delay
2015,NL,0.012,Data Submission Delay
2016,NL,0.007,Data Submission Delay
2017,NL,0.010,Data Submission Delay
2018,NL,0.017,Data Submission Delay
2019,NL,0.006,Data Submission Delay
2013,PE,0.057,Data Submission Delay
2014,PE,0.015,Data Submission Delay
2015,PE,0.010,Data Submission Delay
2016,PE,0.033,Data Submission Delay
2017,PE,0.032,Data Submission Delay
2018,PE,0.015,Data Submission Delay
2019,PE,0.003,Data Submission Delay
2013,NS,0.022,Data Submission Delay
2014,NS,0.099,Data Submission Delay
2015,NS,0.042,Data Submission Delay
2016,NS,0.032,Data Submission Delay
2017,NS,0.079,Data Submission Delay
2018,NS,-0.001,Data Submission Delay
2019,NS,No data,Data Submission Delay
2013,NB,0.027,Data Submission Delay
2014,NB,0.029,Data Submission Delay
2015,NB,0.027,Data Submission Delay
2016,NB,0.027,Data Submission Delay
2017,NB,0.026,Data Submission Delay
2018,NB,0.016,Data Submission Delay
2019,NB,0.009,Data Submission Delay
2013,QC,No data,Data Submission Delay
2014,QC,No data,Data Submission Delay
2015,QC,No data,Data Submission Delay
2016,QC,No data,Data Submission Delay
2017,QC,No data,Data Submission Delay
2018,QC,No data,Data Submission Delay
2019,QC,No data,Data Submission Delay
2013,ON,-0.004,Data Submission Delay
2014,ON,0.016,Data Submission Delay
2015,ON,0.002,Data Submission Delay
2016,ON,0.042,Data Submission Delay
2017,ON,0.039,Data Submission Delay
2018,ON,-0.009,Data Submission Delay
2019,ON,-0.010,Data Submission Delay
2013,MB,0.008,Data Submission Delay
2014,MB,0.012,Data Submission Delay
2015,MB,0.008,Data Submission Delay
2016,MB,0.020,Data Submission Delay
2017,MB,0.052,Data Submission Delay
2018,MB,0.039,Data Submission Delay
2019,MB,0.021,Data Submission Delay
2013,SK,0.028,Data Submission Delay
2014,SK,0.034,Data Submission Delay
2015,SK,0.026,Data Submission Delay
2016,SK,0.020,Data Submission Delay
2017,SK,0.032,Data Submission Delay
2018,SK,0.011,Data Submission Delay
2019,SK,0.012,Data Submission Delay
2013,AB,0.020,Data Submission Delay
2014,AB,0.026,Data Submission Delay
2015,AB,0.025,Data Submission Delay
2016,AB,0.036,Data Submission Delay
2017,AB,0.036,Data Submission Delay
2018,AB,0.011,Data Submission Delay
2019,AB,0.011,Data Submission Delay
2013,BC,0.076,Data Submission Delay
2014,BC,0.086,Data Submission Delay
2015,BC,0.028,Data Submission Delay
2016,BC,0.008,Data Submission Delay
2017,BC,0.014,Data Submission Delay
2018,BC,0.016,Data Submission Delay
2019,BC,0.005,Data Submission Delay
2013,YT,0.069,Data Submission Delay
2014,YT,0.099,Data Submission Delay
2015,YT,0.018,Data Submission Delay
2016,YT,0.103,Data Submission Delay
2017,YT,0.028,Data Submission Delay
2018,YT,0.015,Data Submission Delay
2019,YT,0.005,Data Submission Delay
2013,NT,0.029,Data Submission Delay
2014,NT,0.028,Data Submission Delay
2015,NT,0.032,Data Submission Delay
2016,NT,0.016,Data Submission Delay
2017,NT,0.060,Data Submission Delay
2018,NT,0.038,Data Submission Delay
2019,NT,0.005,Data Submission Delay
2013,NU,0.000,Data Submission Delay
2014,NU,0.000,Data Submission Delay
2015,NU,0.056,Data Submission Delay
2016,NU,0.056,Data Submission Delay
2017,NU,0.011,Data Submission Delay
2018,NU,0.000,Data Submission Delay
2019,NU,0.014,Data Submission Delay
2018,Canada,82.507,Stage - Colorectal
2019,Canada,89.388,Stage - Colorectal
2020,Canada,73.385,Stage - Colorectal
2018,NL,73.974,Stage - Colorectal
2019,NL,99.319,Stage - Colorectal
2020,NL,95.161,Stage - Colorectal
2018,PE,100.000,Stage - Colorectal
2019,PE,100.000,Stage - Colorectal
2020,PE,100.000,Stage - Colorectal
2018,NS,94.548,Stage - Colorectal
2019,NS,0.558,Stage - Colorectal
2020,NS,0.000,Stage - Colorectal
2018,NB,95.666,Stage - Colorectal
2019,NB,93.231,Stage - Colorectal
2020,NB,94.991,Stage - Colorectal
2018,QC,0.000,Stage - Colorectal
2019,QC,0.000,Stage - Colorectal
2020,QC,0.000,Stage - Colorectal
2018,ON,70.917,Stage - Colorectal
2019,ON,88.052,Stage - Colorectal
2020,ON,51.073,Stage - Colorectal
2018,MB,97.622,Stage - Colorectal
2019,MB,97.674,Stage - Colorectal
2020,MB,97.124,Stage - Colorectal
2018,SK,92.776,Stage - Colorectal
2019,SK,95.218,Stage - Colorectal
2020,SK,92.144,Stage - Colorectal
2018,AB,100.000,Stage - Colorectal
2019,AB,100.000,Stage - Colorectal
2020,AB,100.000,Stage - Colorectal
2018,BC,99.767,Stage - Colorectal
2019,BC,99.872,Stage - Colorectal
2020,BC,99.964,Stage - Colorectal
2018,YT,97.436,Stage - Colorectal
2019,YT,93.939,Stage - Colorectal
2020,YT,100.000,Stage - Colorectal
2018,NT,100.000,Stage - Colorectal
2019,NT,100.000,Stage - Colorectal
2020,NT,100.000,Stage - Colorectal
2018,NU,63.636,Stage - Colorectal
2019,NU,60.000,Stage - Colorectal
2020,NU,90.000,Stage - Colorectal
2018,Canada,90.745,Stage - Lung
2019,Canada,93.297,Stage - Lung
2020,Canada,76.891,Stage - Lung
2018,NL,96.893,Stage - Lung
2019,NL,99.609,Stage - Lung
2020,NL,99.588,Stage - Lung
2018,PE,100.000,Stage - Lung
2019,PE,100.000,Stage - Lung
2020,PE,100.000,Stage - Lung
2018,NS,98.515,Stage - Lung
2019,NS,32.199,Stage - Lung
2020,NS,0.000,Stage - Lung
2018,NB,98.807,Stage - Lung
2019,NB,99.373,Stage - Lung
2020,NB,100.000,Stage - Lung
2018,QC,0.000,Stage - Lung
2019,QC,0.000,Stage - Lung
2020,QC,0.000,Stage - Lung
2018,ON,90.304,Stage - Lung
2019,ON,92.338,Stage - Lung
2020,ON,53.852,Stage - Lung
2018,MB,99.096,Stage - Lung
2019,MB,99.578,Stage - Lung
2020,MB,98.587,Stage - Lung
2018,SK,0.000,Stage - Lung
2019,SK,99.874,Stage - Lung
2020,SK,100.000,Stage - Lung
2018,AB,100.000,Stage - Lung
2019,AB,100.000,Stage - Lung
2020,AB,100.000,Stage - Lung
2018,BC,99.906,Stage - Lung
2019,BC,99.917,Stage - Lung
2020,BC,99.878,Stage - Lung
2018,YT,100.000,Stage - Lung
2019,YT,88.235,Stage - Lung
2020,YT,100.000,Stage - Lung
2018,NT,100.000,Stage - Lung
2019,NT,100.000,Stage - Lung
2020,NT,100.000,Stage - Lung
2018,NU,86.364,Stage - Lung
2019,NU,87.500,Stage - Lung
2020,NU,85.714,Stage - Lung
2018,Canada,87.318,Stage - Breast
2019,Canada,87.234,Stage - Breast
2020,Canada,72.742,Stage - Breast
2018,NL,97.597,Stage - Breast
2019,NL,97.547,Stage - Breast
2020,NL,41.502,Stage - Breast
2018,PE,100.000,Stage - Breast
2019,PE,100.000,Stage - Breast
2020,PE,100.000,Stage - Breast
2018,NS,99.889,Stage - Breast
2019,NS,0.214,Stage - Breast
2020,NS,0.000,Stage - Breast
2018,NB,99.855,Stage - Breast
2019,NB,99.825,Stage - Breast
2020,NB,99.357,Stage - Breast
2018,QC,0.000,Stage - Breast
2019,QC,0.000,Stage - Breast
2020,QC,0.000,Stage - Breast
2018,ON,82.581,Stage - Breast
2019,ON,82.541,Stage - Breast
2020,ON,50.924,Stage - Breast
2018,MB,99.111,Stage - Breast
2019,MB,99.362,Stage - Breast
2020,MB,99.693,Stage - Breast
2018,SK,0.000,Stage - Breast
2019,SK,99.446,Stage - Breast
2020,SK,99.482,Stage - Breast
2018,AB,100.000,Stage - Breast
2019,AB,100.000,Stage - Breast
2020,AB,100.000,Stage - Breast
2018,BC,99.954,Stage - Breast
2019,BC,99.935,Stage - Breast
2020,BC,100.000,Stage - Breast
2018,YT,96.000,Stage - Breast
2019,YT,95.652,Stage - Breast
2020,YT,100.000,Stage - Breast
2018,NT,100.000,Stage - Breast
2019,NT,100.000,Stage - Breast
2020,NT,100.000,Stage - Breast
2018,NU,66.667,Stage - Breast
2019,NU,28.571,Stage - Breast
2020,NU,100.000,Stage - Breast
2018,Canada,82.036,Stage - Cervix
2019,Canada,87.137,Stage - Cervix
2020,Canada,66.498,Stage - Cervix
2018,NL,95.455,Stage - Cervix
2019,NL,100.000,Stage - Cervix
2020,NL,0.000,Stage - Cervix
2018,PE,100.000,Stage - Cervix
2019,PE,100.000,Stage - Cervix
2020,PE,100.000,Stage - Cervix
2018,NS,0.000,Stage - Cervix
2019,NS,0.000,Stage - Cervix
2020,NS,0.000,Stage - Cervix
2018,NB,0.000,Stage - Cervix
2019,NB,100.000,Stage - Cervix
2020,NB,97.222,Stage - Cervix
2018,QC,0.000,Stage - Cervix
2019,QC,0.000,Stage - Cervix
2020,QC,0.000,Stage - Cervix
2018,ON,86.570,Stage - Cervix
2019,ON,90.994,Stage - Cervix
2020,ON,45.378,Stage - Cervix
2018,MB,100.000,Stage - Cervix
2019,MB,100.000,Stage - Cervix
2020,MB,100.000,Stage - Cervix
2018,SK,0.000,Stage - Cervix
2019,SK,0.000,Stage - Cervix
2020,SK,0.000,Stage - Cervix
2018,AB,100.000,Stage - Cervix
2019,AB,100.000,Stage - Cervix
2020,AB,100.000,Stage - Cervix
2018,BC,100.000,Stage - Cervix
2019,BC,100.000,Stage - Cervix
2020,BC,100.000,Stage - Cervix
2018,YT,100.000,Stage - Cervix
2019,YT,100.000,Stage - Cervix
2020,YT,100.000,Stage - Cervix
2018,NT,100.000,Stage - Cervix
2019,NT,100.000,Stage - Cervix
2020,NT,100.000,Stage - Cervix
2018,NU,75.000,Stage - Cervix
2019,NU,0.000,Stage - Cervix
2020,NU,0.000,Stage - Cervix
2018,Canada,93.495,Stage - Prostate
2019,Canada,94.817,Stage - Prostate
2020,Canada,78.566,Stage - Prostate
2018,NL,98.472,Stage - Prostate
2019,NL,99.758,Stage - Prostate
2020,NL,0.309,Stage - Prostate
2018,PE,100.000,Stage - Prostate
2019,PE,100.000,Stage - Prostate
2020,PE,100.000,Stage - Prostate
2018,NS,99.266,Stage - Prostate
2019,NS,1.471,Stage - Prostate
2020,NS,0.000,Stage - Prostate
2018,NB,100.000,Stage - Prostate
2019,NB,100.000,Stage - Prostate
2020,NB,100.000,Stage - Prostate
2018,QC,0.000,Stage - Prostate
2019,QC,0.000,Stage - Prostate
2020,QC,0.000,Stage - Prostate
2018,ON,94.583,Stage - Prostate
2019,ON,95.281,Stage - Prostate
2020,ON,58.714,Stage - Prostate
2018,MB,99.874,Stage - Prostate
2019,MB,99.894,Stage - Prostate
2020,MB,100.000,Stage - Prostate
2018,SK,0.000,Stage - Prostate
2019,SK,99.861,Stage - Prostate
2020,SK,99.855,Stage - Prostate
2018,AB,100.000,Stage - Prostate
2019,AB,100.000,Stage - Prostate
2020,AB,100.000,Stage - Prostate
2018,BC,100.000,Stage - Prostate
2019,BC,99.972,Stage - Prostate
2020,BC,100.000,Stage - Prostate
2018,YT,91.667,Stage - Prostate
2019,YT,93.548,Stage - Prostate
2020,YT,100.000,Stage - Prostate
2018,NT,100.000,Stage - Prostate
2019,NT,100.000,Stage - Prostate
2020,NT,100.000,Stage - Prostate
2018,NU,100.000,Stage - Prostate
2019,NU,0.000,Stage - Prostate
2020,NU,100.000,Stage - Prostate